-7.7553276938, 58.8866953314, 0.0000000000
-7.7553276938, 58.8866953314, 0.0000000000
-8.2449975246, 58.9174878437, 0.0000000000
-8.2449975246, 58.9174878437, 0.0000000000
-8.5735788864, 58.9305311770, 0.0000000000
-8.5735788864, 58.9305311770, 0.0000000000
-8.9037015230, 58.9376134858, 0.0000000000
-8.9037015230, 58.9376134858, 0.0000000000
-9.0693169774, 58.9389278662, 0.0000000000
-9.0693169774, 58.9389278662, 0.0000000000
-9.5679268587, 58.9340121998, 0.0000000000
-9.5679268587, 58.9340121998, 0.0000000000
-9.9018003061, 58.9233968980, 0.0000000000
-9.9018003061, 58.9233968980, 0.0000000000
-10.5718994753, 58.8847681457, 0.0000000000
-10.5718994753, 58.8847681457, 0.0000000000
-10.7400432078, 58.8715054226, 0.0000000000
-10.7400432078, 58.8715054226, 0.0000000000
-10.9278702713, 58.8550193109, 0.0000000000
-10.9278702713, 58.8550193109, 0.0000000000
-11.2866893688, 58.8186653809, 0.0000000000
-11.2866893688, 58.8186653809, 0.0000000000
-12.0144495905, 58.7256173434, 0.0000000000
-12.0144495905, 58.7256173434, 0.0000000000
-12.3520448340, 58.6737946568, 0.0000000000
-12.3520448340, 58.6737946568, 0.0000000000
-12.5209234899, 58.6458345370, 0.0000000000
-12.5209234899, 58.6458345370, 0.0000000000
-12.8910776726, 58.5798339227, 0.0000000000
-12.8910776726, 58.5798339227, 0.0000000000
-14.4822981843, 58.2233693964, 0.0000000000
-14.4822981843, 58.2233693964, 0.0000000000
-14.9082094504, 58.1081817885, 0.0000000000
-14.9082094504, 58.1081817885, 0.0000000000
-15.2409693156, 58.0124271196, 0.0000000000
-15.2409693156, 58.0124271196, 0.0000000000
-15.8409632784, 57.8270434978, 0.0000000000
-15.8409632784, 57.8270434978, 0.0000000000
-16.2244431899, 57.6999941631, 0.0000000000
-16.2244431899, 57.6999941631, 0.0000000000
-16.6085816466, 57.5660361379, 0.0000000000
-16.6085816466, 57.5660361379, 0.0000000000
-17.7651280675, 57.1222382490, 0.0000000000
-17.7651280675, 57.1222382490, 0.0000000000
-18.1501011075, 56.9609851372, 0.0000000000
-18.1501011075, 56.9609851372, 0.0000000000
-18.5348323283, 56.7930456527, 0.0000000000
-18.5348323283, 56.7930456527, 0.0000000000
-20.0707123601, 56.0543138970, 0.0000000000
-20.0707123601, 56.0543138970, 0.0000000000
-20.6016453184, 55.7731806392, 0.0000000000
-20.6016453184, 55.7731806392, 0.0000000000
-20.9134200728, 55.6018232610, 0.0000000000
-20.9134200728, 55.6018232610, 0.0000000000
-21.2911851549, 55.3879181936, 0.0000000000
-21.2911851549, 55.3879181936, 0.0000000000
-22.4865506394, 54.6649418689, 0.0000000000
-22.4865506394, 54.6649418689, 0.0000000000
-22.9472680424, 54.3671887097, 0.0000000000
-22.9472680424, 54.3671887097, 0.0000000000
-23.1312341672, 54.2452634729, 0.0000000000
-23.1312341672, 54.2452634729, 0.0000000000
-24.6082626582, 53.2019179502, 0.0000000000
-24.6082626582, 53.2019179502, 0.0000000000
-25.2632718810, 52.7013379816, 0.0000000000
-25.2632718810, 52.7013379816, 0.0000000000
-25.6925185120, 52.3601578400, 0.0000000000
-25.6925185120, 52.3601578400, 0.0000000000
-26.0193847883, 52.0932100102, 0.0000000000
-26.0193847883, 52.0932100102, 0.0000000000
-27.3354157960, 50.9535042316, 0.0000000000
-27.3354157960, 50.9535042316, 0.0000000000
-27.6602870986, 50.6555224240, 0.0000000000
-27.6602870986, 50.6555224240, 0.0000000000
-28.3089466064, 50.0398670111, 0.0000000000
-28.3089466064, 50.0398670111, 0.0000000000
-28.8517978257, 49.5026983767, 0.0000000000
-28.8517978257, 49.5026983767, 0.0000000000
-30.6106390257, 47.6142949078, 0.0000000000
-30.6106390257, 47.6142949078, 0.0000000000
-31.0325576429, 47.1250337426, 0.0000000000
-31.0325576429, 47.1250337426, 0.0000000000
-31.4513580390, 46.6243895652, 0.0000000000
-31.4513580390, 46.6243895652, 0.0000000000
-31.9793569283, 45.9709261270, 0.0000000000
-31.9793569283, 45.9709261270, 0.0000000000
-33.6547377508, 43.7163163107, 0.0000000000
-33.6547377508, 43.7163163107, 0.0000000000
-34.0444288073, 43.1481302470, 0.0000000000
-34.0444288073, 43.1481302470, 0.0000000000
-34.6990387543, 42.1518138954, 0.0000000000
-34.6990387543, 42.1518138954, 0.0000000000
-35.1788747449, 41.3855712907, 0.0000000000
-35.1788747449, 41.3855712907, 0.0000000000
-36.6908746941, 38.7406467670, 0.0000000000
-36.6908746941, 38.7406467670, 0.0000000000
-37.7287393471, 36.6786899416, 0.0000000000
-37.7287393471, 36.6786899416, 0.0000000000
-38.1018825488, 35.8766263808, 0.0000000000
-38.1018825488, 35.8766263808, 0.0000000000
-38.6606722044, 34.6041453705, 0.0000000000
-38.6606722044, 34.6041453705, 0.0000000000
-39.5941640991, 32.2455194225, 0.0000000000
-39.5941640991, 32.2455194225, 0.0000000000
-39.9119196896, 31.3599987847, 0.0000000000
-39.9119196896, 31.3599987847, 0.0000000000
-40.1351578305, 30.7071413855, 0.0000000000
-40.1351578305, 30.7071413855, 0.0000000000
-40.4207792445, 29.8295558039, 0.0000000000
-40.4207792445, 29.8295558039, 0.0000000000
-41.0722511855, 27.6058545491, 0.0000000000
-41.0722511855, 27.6058545491, 0.0000000000
-41.3626828637, 26.4837554876, 0.0000000000
-41.3626828637, 26.4837554876, 0.0000000000
-41.5254697081, 25.8079449356, 0.0000000000
-41.5254697081, 25.8079449356, 0.0000000000
-42.4748609100, 20.6521359256, 0.0000000000
-42.4748609100, 20.6521359256, 0.0000000000
-42.5399506447, 20.1513565702, 0.0000000000
-42.5399506447, 20.1513565702, 0.0000000000
-42.7236539039, 18.4702781025, 0.0000000000
-42.7236539039, 18.4702781025, 0.0000000000
-42.8792982291, 16.3412045681, 0.0000000000
-42.8792982291, 16.3412045681, 0.0000000000
-42.9370628167, 14.8386490016, 0.0000000000
-42.9370628167, 14.8386490016, 0.0000000000
-42.8655108521, 10.6347625547, 0.0000000000
-42.8655108521, 10.6347625547, 0.0000000000
-42.8166110120, 9.8956976062, 0.0000000000
-42.8166110120, 9.8956976062, 0.0000000000
-42.7150722923, 8.7125113888, 0.0000000000
-42.7150722923, 8.7125113888, 0.0000000000
-42.7030820625, 8.5917631387, 0.0000000000
-42.7030820625, 8.5917631387, 0.0000000000
-42.3750095240, 6.0240251804, 0.0000000000
-42.3750095240, 6.0240251804, 0.0000000000
-42.3324318656, 5.7552456356, 0.0000000000
-42.3324318656, 5.7552456356, 0.0000000000
-42.1773715882, 4.8507894856, 0.0000000000
-42.1773715882, 4.8507894856, 0.0000000000
-42.0928177321, 4.3979352154, 0.0000000000
-42.0928177321, 4.3979352154, 0.0000000000
-41.5544129823, 1.9551486026, 0.0000000000
-41.5544129823, 1.9551486026, 0.0000000000
-41.3975667800, 1.3451899575, 0.0000000000
-41.3975667800, 1.3451899575, 0.0000000000
-41.2299917024, 0.7301319586, 0.0000000000
-41.2299917024, 0.7301319586, 0.0000000000
-41.0505508228, 0.1076102670, 0.0000000000
-41.0505508228, 0.1076102670, 0.0000000000
-40.3037310659, -2.1763806589, 0.0000000000
-40.3037310659, -2.1763806589, 0.0000000000
-40.0643918563, -2.8268163815, 0.0000000000
-40.0643918563, -2.8268163815, 0.0000000000
-39.8108470109, -3.4817059618, 0.0000000000
-39.8108470109, -3.4817059618, 0.0000000000
-39.6115547381, -3.9743905025, 0.0000000000
-39.6115547381, -3.9743905025, 0.0000000000
-38.6296247577, -6.1687587311, 0.0000000000
-38.6296247577, -6.1687587311, 0.0000000000
-38.3837394505, -6.6674019697, 0.0000000000
-38.3837394505, -6.6674019697, 0.0000000000
-38.0413698642, -7.3332640250, 0.0000000000
-38.0413698642, -7.3332640250, 0.0000000000
-37.6391308367, -8.0771302839, 0.0000000000
-37.6391308367, -8.0771302839, 0.0000000000
-36.5274024812, -9.9488080213, 0.0000000000
-36.5274024812, -9.9488080213, 0.0000000000
-36.0401696793, -10.6960260362, 0.0000000000
-36.0401696793, -10.6960260362, 0.0000000000
-35.7544146380, -11.1161131078, 0.0000000000
-35.7544146380, -11.1161131078, 0.0000000000
-35.5309056716, -11.4359127396, 0.0000000000
-35.5309056716, -11.4359127396, 0.0000000000
-34.7506361266, -12.4962776806, 0.0000000000
-34.7506361266, -12.4962776806, 0.0000000000
-34.3396601449, -13.0223434291, 0.0000000000
-34.3396601449, -13.0223434291, 0.0000000000
-34.1288948158, -13.2840549144, 0.0000000000
-34.1288948158, -13.2840549144, 0.0000000000
-33.8574254497, -13.6134146063, 0.0000000000
-33.8574254497, -13.6134146063, 0.0000000000
-32.5751977258, -15.0602155253, 0.0000000000
-32.5751977258, -15.0602155253, 0.0000000000
-31.8449259556, -15.8109969880, 0.0000000000
-31.8449259556, -15.8109969880, 0.0000000000
-31.3439869974, -16.2980121800, 0.0000000000
-31.3439869974, -16.2980121800, 0.0000000000
-30.7099671170, -16.8836957271, 0.0000000000
-30.7099671170, -16.8836957271, 0.0000000000
-30.2995687113, -17.2453508253, 0.0000000000
-30.2995687113, -17.2453508253, 0.0000000000
-28.8204202331, -18.4425419204, 0.0000000000
-28.8204202331, -18.4425419204, 0.0000000000
-28.5229303600, -18.6642822767, 0.0000000000
-28.5229303600, -18.6642822767, 0.0000000000
-28.2136760874, -18.8883425675, 0.0000000000
-28.2136760874, -18.8883425675, 0.0000000000
-27.9000664178, -19.1089698443, 0.0000000000
-27.9000664178, -19.1089698443, 0.0000000000
-27.0623890481, -19.6666428175, 0.0000000000
-27.0623890481, -19.6666428175, 0.0000000000
-26.5549671930, -19.9826987462, 0.0000000000
-26.5549671930, -19.9826987462, 0.0000000000
-26.1982178145, -20.1953435906, 0.0000000000
-26.1982178145, -20.1953435906, 0.0000000000
-25.6676057721, -20.4973056220, 0.0000000000
-25.6676057721, -20.4973056220, 0.0000000000
-24.7023766830, -21.0037133926, 0.0000000000
-24.7023766830, -21.0037133926, 0.0000000000
-24.1351167460, -21.2760789188, 0.0000000000
-24.1351167460, -21.2760789188, 0.0000000000
-23.9167798067, -21.3760109040, 0.0000000000
-23.9167798067, -21.3760109040, 0.0000000000
-23.0646492187, -21.7402840526, 0.0000000000
-23.0646492187, -21.7402840526, 0.0000000000
-21.9665436034, -22.1500035271, 0.0000000000
-21.9665436034, -22.1500035271, 0.0000000000
-21.5540978628, -22.2866827062, 0.0000000000
-21.5540978628, -22.2866827062, 0.0000000000
-21.3466404819, -22.3518916589, 0.0000000000
-21.3466404819, -22.3518916589, 0.0000000000
-20.8305617582, -22.5038365801, 0.0000000000
-20.8305617582, -22.5038365801, 0.0000000000
-20.5694490637, -22.5751292717, 0.0000000000
-20.5694490637, -22.5751292717, 0.0000000000
-19.2349471297, -22.8806333847, 0.0000000000
-19.2349471297, -22.8806333847, 0.0000000000
-18.6731885361, -22.9795290714, 0.0000000000
-18.6731885361, -22.9795290714, 0.0000000000
-18.0342665503, -23.0702773078, 0.0000000000
-18.0342665503, -23.0702773078, 0.0000000000
-17.7664306819, -23.1013538245, 0.0000000000
-17.7664306819, -23.1013538245, 0.0000000000
-16.8098315982, -23.1780982171, 0.0000000000
-16.8098315982, -23.1780982171, 0.0000000000
-16.2084386034, -23.1983174883, 0.0000000000
-16.2084386034, -23.1983174883, 0.0000000000
-15.9779151719, -23.2001829401, 0.0000000000
-15.9779151719, -23.2001829401, 0.0000000000
-15.5146326398, -23.1938573923, 0.0000000000
-15.5146326398, -23.1938573923, 0.0000000000
-14.3498035724, -23.1163931516, 0.0000000000
-14.3498035724, -23.1163931516, 0.0000000000
-14.0042358934, -23.0757522522, 0.0000000000
-14.0042358934, -23.0757522522, 0.0000000000
-13.6526320629, -23.0257382678, 0.0000000000
-13.6526320629, -23.0257382678, 0.0000000000
-13.2035938802, -22.9487722712, 0.0000000000
-13.2035938802, -22.9487722712, 0.0000000000
-12.0678157768, -22.6847483237, 0.0000000000
-12.0678157768, -22.6847483237, 0.0000000000
-11.8792891849, -22.6307495428, 0.0000000000
-11.8792891849, -22.6307495428, 0.0000000000
-11.5935730245, -22.5430788291, 0.0000000000
-11.5935730245, -22.5430788291, 0.0000000000
-11.3053941068, -22.4473260559, 0.0000000000
-11.3053941068, -22.4473260559, 0.0000000000
-10.1026168145, -21.9622791366, 0.0000000000
-10.1026168145, -21.9622791366, 0.0000000000
-9.6027866597, -21.7164454313, 0.0000000000
-9.6027866597, -21.7164454313, 0.0000000000
-9.3028479557, -21.5551926777, 0.0000000000
-9.3028479557, -21.5551926777, 0.0000000000
-8.9006733499, -21.3217473991, 0.0000000000
-8.9006733499, -21.3217473991, 0.0000000000
-7.8784559444, -20.6300972717, 0.0000000000
-7.8784559444, -20.6300972717, 0.0000000000
-7.4643042106, -20.3047587772, 0.0000000000
-7.4643042106, -20.3047587772, 0.0000000000
-7.3517074431, -20.2113150538, 0.0000000000
-7.3517074431, -20.2113150538, 0.0000000000
-7.1376468574, -20.0274526696, 0.0000000000
-7.1376468574, -20.0274526696, 0.0000000000
-6.4769822101, -19.4044818771, 0.0000000000
-6.4769822101, -19.4044818771, 0.0000000000
-6.2366947794, -19.1551158691, 0.0000000000
-6.2366947794, -19.1551158691, 0.0000000000
-5.9940555156, -18.8896962017, 0.0000000000
-5.9940555156, -18.8896962017, 0.0000000000
-5.6954287129, -18.5428422230, 0.0000000000
-5.6954287129, -18.5428422230, 0.0000000000
-4.6227860075, -17.0799064147, 0.0000000000
-4.6227860075, -17.0799064147, 0.0000000000
-4.3938401222, -16.7152075848, 0.0000000000
-4.3938401222, -16.7152075848, 0.0000000000
-4.2522830614, -16.4787921355, 0.0000000000
-4.2522830614, -16.4787921355, 0.0000000000
-4.0555016474, -16.1352244418, 0.0000000000
-4.0555016474, -16.1352244418, 0.0000000000
-3.8573781421, -15.7704619589, 0.0000000000
-3.8573781421, -15.7704619589, 0.0000000000
-3.4568861120, -14.9684263365, 0.0000000000
-3.4568861120, -14.9684263365, 0.0000000000
-3.4222567616, -14.8946146978, 0.0000000000
-3.4222567616, -14.8946146978, 0.0000000000
-3.3869655729, -14.8186079882, 0.0000000000
-3.3869655729, -14.8186079882, 0.0000000000
-3.3510056453, -14.7403329309, 0.0000000000
-3.3510056453, -14.7403329309, 0.0000000000
-3.0248369826, -13.9896343163, 0.0000000000
-3.0248369826, -13.9896343163, 0.0000000000
-3.0229119969, -13.9849727580, 0.0000000000
-3.0229119969, -13.9849727580, 0.0000000000
-2.9017468468, -13.6856778221, 0.0000000000
-2.9017468468, -13.6856778221, 0.0000000000
-2.9383893724, -13.7774293694, 0.0000000000
-2.9383893724, -13.7774293694, 0.0000000000
-2.8063880132, -13.4416727676, 0.0000000000
-2.8063880132, -13.4416727676, 0.0000000000
-2.7960890131, -13.4148560586, 0.0000000000
-2.7960890131, -13.4148560586, 0.0000000000
-2.8266873951, -13.4942605471, 0.0000000000
-2.8266873951, -13.4942605471, 0.0000000000
-2.8581056629, -13.5749593311, 0.0000000000
-2.8581056629, -13.5749593311, 0.0000000000
-2.8399396426, -13.5284015205, 0.0000000000
-2.8399396426, -13.5284015205, 0.0000000000
-2.9123702438, -13.7123911584, 0.0000000000
-2.9123702438, -13.7123911584, 0.0000000000
-2.8680211037, -13.6002543647, 0.0000000000
-2.8680211037, -13.6002543647, 0.0000000000
-2.9042487407, -13.6919773398, 0.0000000000
-2.9042487407, -13.6919773398, 0.0000000000
-2.9756453427, -13.8696063341, 0.0000000000
-2.9756453427, -13.8696063341, 0.0000000000
-2.9702744872, -13.8563862919, 0.0000000000
-2.9702744872, -13.8563862919, 0.0000000000
-2.9675508977, -13.8496735928, 0.0000000000
-2.9675508977, -13.8496735928, 0.0000000000
-3.0050027258, -13.9414659330, 0.0000000000
-3.0050027258, -13.9414659330, 0.0000000000
-2.9211450811, -13.7343865229, 0.0000000000
-2.9211450811, -13.7343865229, 0.0000000000
-2.9580262124, -13.8261521267, 0.0000000000
-2.9580262124, -13.8261521267, 0.0000000000
-2.8814567046, -13.6343983640, 0.0000000000
-2.8814567046, -13.6343983640, 0.0000000000
-2.9549178767, -13.8184603689, 0.0000000000
-2.9549178767, -13.8184603689, 0.0000000000
-2.8743082827, -13.6162507687, 0.0000000000
-2.8743082827, -13.6162507687, 0.0000000000
-2.8340680978, -13.5132934827, 0.0000000000
-2.8340680978, -13.5132934827, 0.0000000000
-2.8698780064, -13.6049822804, 0.0000000000
-2.8698780064, -13.6049822804, 0.0000000000
-2.7889435228, -13.3961963490, 0.0000000000
-2.7889435228, -13.3961963490, 0.0000000000
-2.7485550844, -13.2898832802, 0.0000000000
-2.7485550844, -13.2898832802, 0.0000000000
-2.6809174404, -13.1085682834, 0.0000000000
-2.6809174404, -13.1085682834, 0.0000000000
-2.6148999805, -12.9275153007, 0.0000000000
-2.6148999805, -12.9275153007, 0.0000000000
-2.5191114378, -12.6573382767, 0.0000000000
-2.5191114378, -12.6573382767, 0.0000000000
-1.8392329558, -10.4395514569, 0.0000000000
-1.8392329558, -10.4395514569, 0.0000000000
-1.7056588694, -9.9297864126, 0.0000000000
-1.7056588694, -9.9297864126, 0.0000000000
-1.5039765352, -9.1037463047, 0.0000000000
-1.5039765352, -9.1037463047, 0.0000000000
-1.1960172060, -7.6932680952, 0.0000000000
-1.1960172060, -7.6932680952, 0.0000000000
-0.4911209521, -3.6201728328, 0.0000000000
-0.4911209521, -3.6201728328, 0.0000000000
-0.3729868283, -2.8065282656, 0.0000000000
-0.3729868283, -2.8065282656, 0.0000000000
-0.1096290541, -0.8593341373, 0.0000000000
-0.1096290541, -0.8593341373, 0.0000000000
0.2162886056, 1.7608267281, 0.0000000000
0.2162886056, 1.7608267281, 0.0000000000
0.3987104498, 3.2916129061, 0.0000000000
0.3987104498, 3.2916129061, 0.0000000000
0.5324492381, 4.4261777104, 0.0000000000
0.5324492381, 4.4261777104, 0.0000000000
1.0712910214, 8.9371928075, 0.0000000000
1.0712910214, 8.9371928075, 0.0000000000
1.2150738342, 10.0961248475, 0.0000000000
1.2150738342, 10.0961248475, 0.0000000000
1.2618887303, 10.4681271024, 0.0000000000
1.2618887303, 10.4681271024, 0.0000000000
1.4056496429, 11.5935156252, 0.0000000000
1.4056496429, 11.5935156252, 0.0000000000
1.6552377558, 13.4863541037, 0.0000000000
1.6552377558, 13.4863541037, 0.0000000000
1.8641896924, 15.0138652355, 0.0000000000
1.8641896924, 15.0138652355, 0.0000000000
1.9746381016, 15.8017319792, 0.0000000000
1.9746381016, 15.8017319792, 0.0000000000
2.0776045415, 16.5249174148, 0.0000000000
2.0776045415, 16.5249174148, 0.0000000000
2.2474006160, 17.6954726257, 0.0000000000
2.2474006160, 17.6954726257, 0.0000000000
2.5672831799, 19.8363915348, 0.0000000000
2.5672831799, 19.8363915348, 0.0000000000
2.7993489828, 21.3474273922, 0.0000000000
2.7993489828, 21.3474273922, 0.0000000000
2.8575113995, 21.7217790217, 0.0000000000
2.8575113995, 21.7217790217, 0.0000000000
3.0312321132, 22.8317443305, 0.0000000000
3.0312321132, 22.8317443305, 0.0000000000
3.5190838208, 25.9135342081, 0.0000000000
3.5190838208, 25.9135342081, 0.0000000000
3.7202014344, 27.1863340684, 0.0000000000
3.7202014344, 27.1863340684, 0.0000000000
4.0180216153, 29.1007428671, 0.0000000000
4.0180216153, 29.1007428671, 0.0000000000
4.2233761910, 30.4604550665, 0.0000000000
4.2233761910, 30.4604550665, 0.0000000000
4.8376056456, 35.0130050760, 0.0000000000
4.8376056456, 35.0130050760, 0.0000000000
4.9907598389, 36.4121287211, 0.0000000000
4.9907598389, 36.4121287211, 0.0000000000
5.0824582063, 37.3756647017, 0.0000000000
5.0824582063, 37.3756647017, 0.0000000000
5.2224348104, 39.2644990278, 0.0000000000
5.2224348104, 39.2644990278, 0.0000000000
5.2676788940, 43.6288741419, 0.0000000000
5.2676788940, 43.6288741419, 0.0000000000
5.1808346530, 44.9075793732, 0.0000000000
5.1808346530, 44.9075793732, 0.0000000000
5.0803732977, 45.8406618854, 0.0000000000
5.0803732977, 45.8406618854, 0.0000000000
4.9730144786, 46.5968230443, 0.0000000000
4.9730144786, 46.5968230443, 0.0000000000
4.7828743538, 47.6361436961, 0.0000000000
4.7828743538, 47.6361436961, 0.0000000000
4.3794315779, 49.2311964890, 0.0000000000
4.3794315779, 49.2311964890, 0.0000000000
3.7270078566, 51.0217669525, 0.0000000000
3.7270078566, 51.0217669525, 0.0000000000
3.3542628025, 51.8144279211, 0.0000000000
3.3542628025, 51.8144279211, 0.0000000000
3.0094816723, 52.4516799032, 0.0000000000
3.0094816723, 52.4516799032, 0.0000000000
1.3596595549, 54.7125249079, 0.0000000000
1.3596595549, 54.7125249079, 0.0000000000
0.6449377667, 55.4297561577, 0.0000000000
0.6449377667, 55.4297561577, 0.0000000000
-0.0159059214, 55.9974400253, 0.0000000000
-0.0159059214, 55.9974400253, 0.0000000000
-3.3196576283, 57.8951817545, 0.0000000000
-3.3196576283, 57.8951817545, 0.0000000000
-4.0407390395, 58.1559720142, 0.0000000000
-4.0407390395, 58.1559720142, 0.0000000000
-4.9150832343, 58.4150259832, 0.0000000000
-4.9150832343, 58.4150259832, 0.0000000000
-5.4932931053, 58.5547231423, 0.0000000000
-5.4932931053, 58.5547231423, 0.0000000000
-8.0471716314, 58.9067017905, 0.0000000000
-8.0471716314, 58.9067017905, 0.0000000000
-8.8862678527, 58.9373886093, 0.0000000000
-8.8862678527, 58.9373886093, 0.0000000000
-10.1063637387, 58.9140375630, 0.0000000000
-10.1063637387, 58.9140375630, 0.0000000000
-11.2204067820, 58.8258585162, 0.0000000000
-11.2204067820, 58.8258585162, 0.0000000000
-15.6738453487, 57.8803223488, 0.0000000000
-15.6738453487, 57.8803223488, 0.0000000000
-17.9619137371, 57.0406580748, 0.0000000000
-17.9619137371, 57.0406580748, 0.0000000000
-19.2619150543, 56.4570246543, 0.0000000000
-19.2619150543, 56.4570246543, 0.0000000000
-20.4150326408, 55.8735210894, 0.0000000000
-20.4150326408, 55.8735210894, 0.0000000000
-24.1616157840, 53.5297075440, 0.0000000000
-24.1616157840, 53.5297075440, 0.0000000000
-25.5029444380, 52.5121393706, 0.0000000000
-25.5029444380, 52.5121393706, 0.0000000000
-27.6054464029, 50.7063015154, 0.0000000000
-27.6054464029, 50.7063015154, 0.0000000000
-29.4273065065, 48.9104262180, 0.0000000000
-29.4273065065, 48.9104262180, 0.0000000000
-33.7998124255, 43.5068744215, 0.0000000000
-33.7998124255, 43.5068744215, 0.0000000000
-34.8913176078, 41.8485765373, 0.0000000000
-34.8913176078, 41.8485765373, 0.0000000000
-35.9607311878, 40.0648846957, 0.0000000000
-35.9607311878, 40.0648846957, 0.0000000000
-36.7847630019, 38.5633069331, 0.0000000000
-36.7847630019, 38.5633069331, 0.0000000000
-39.5703209968, 32.3100621944, 0.0000000000
-39.5703209968, 32.3100621944, 0.0000000000
-40.1187414144, 30.7560885420, 0.0000000000
-40.1187414144, 30.7560885420, 0.0000000000
-40.8759723332, 28.3135885631, 0.0000000000
-40.8759723332, 28.3135885631, 0.0000000000
-41.5132160461, 25.8601548408, 0.0000000000
-41.5132160461, 25.8601548408, 0.0000000000
-42.7013740362, 18.7034643190, 0.0000000000
-42.7013740362, 18.7034643190, 0.0000000000
-42.8813868944, 16.3013832588, 0.0000000000
-42.8813868944, 16.3013832588, 0.0000000000
-42.9517340012, 13.7557619623, 0.0000000000
-42.9517340012, 13.7557619623, 0.0000000000
-42.9002779222, 11.3039457043, 0.0000000000
-42.9002779222, 11.3039457043, 0.0000000000
-42.7881359055, 9.5279520044, 0.0000000000
-42.7881359055, 9.5279520044, 0.0000000000
-42.1006624380, 4.4389214166, 0.0000000000
-42.1006624380, 4.4389214166, 0.0000000000
-41.7563568302, 2.7987916092, 0.0000000000
-41.7563568302, 2.7987916092, 0.0000000000
-41.3334594655, 1.1057291431, 0.0000000000
-41.3334594655, 1.1057291431, 0.0000000000
-41.0389572155, 0.0685506564, 0.0000000000
-41.0389572155, 0.0685506564, 0.0000000000
-39.3236282709, -4.6554226435, 0.0000000000
-39.3236282709, -4.6554226435, 0.0000000000
-38.6194558735, -6.1897398320, 0.0000000000
-38.6194558735, -6.1897398320, 0.0000000000
-38.0701938658, -7.2784121764, 0.0000000000
-38.0701938658, -7.2784121764, 0.0000000000
-37.2869467125, -8.6975465045, 0.0000000000
-37.2869467125, -8.6975465045, 0.0000000000
-35.0641871647, -12.0802428456, 0.0000000000
-35.0641871647, -12.0802428456, 0.0000000000
-34.3624784374, -12.9936872259, 0.0000000000
-34.3624784374, -12.9936872259, 0.0000000000
-33.4694940284, -14.0695576197, 0.0000000000
-33.4694940284, -14.0695576197, 0.0000000000
-32.6647429131, -14.9646655613, 0.0000000000
-32.6647429131, -14.9646655613, 0.0000000000
-30.1800713666, -17.3481615030, 0.0000000000
-30.1800713666, -17.3481615030, 0.0000000000
-29.1011445962, -18.2276124452, 0.0000000000
-29.1011445962, -18.2276124452, 0.0000000000
-27.7082152068, -19.2407196762, 0.0000000000
-27.7082152068, -19.2407196762, 0.0000000000
-26.6044606157, -19.9525782247, 0.0000000000
-26.6044606157, -19.9525782247, 0.0000000000
-25.0486301487, -20.8283334692, 0.0000000000
-25.0486301487, -20.8283334692, 0.0000000000
-19.1848342760, -22.8901758683, 0.0000000000
-19.1848342760, -22.8901758683, 0.0000000000
-16.2496061947, -23.1976381128, 0.0000000000
-16.2496061947, -23.1976381128, 0.0000000000
-12.9592102038, -22.9005315590, 0.0000000000
-12.9592102038, -22.9005315590, 0.0000000000
-10.3758063368, -22.0851862792, 0.0000000000
-10.3758063368, -22.0851862792, 0.0000000000
-6.1864950094, -19.1013549768, 0.0000000000
-6.1864950094, -19.1013549768, 0.0000000000
-5.3137881176, -18.0640685102, 0.0000000000
-5.3137881176, -18.0640685102, 0.0000000000
-4.5775957800, -17.0095801576, 0.0000000000
-4.5775957800, -17.0095801576, 0.0000000000
-3.8968354329, -15.8446899552, 0.0000000000
-3.8968354329, -15.8446899552, 0.0000000000
-2.0757184520, -11.2771653376, 0.0000000000
-2.0757184520, -11.2771653376, 0.0000000000
-1.4852625030, -9.0234048728, 0.0000000000
-1.4852625030, -9.0234048728, 0.0000000000
-1.0376173074, -6.8879016971, 0.0000000000
-1.0376173074, -6.8879016971, 0.0000000000
-0.6215100517, -4.4732260898, 0.0000000000
-0.6215100517, -4.4732260898, 0.0000000000
0.3650008641, 3.0067527003, 0.0000000000
0.3650008641, 3.0067527003, 0.0000000000
0.5515930694, 4.5888322058, 0.0000000000
0.5515930694, 4.5888322058, 0.0000000000
0.9103761952, 7.6130620810, 0.0000000000
0.9103761952, 7.6130620810, 0.0000000000
1.0920453566, 9.1059625810, 0.0000000000
1.0920453566, 9.1059625810, 0.0000000000
2.3014823760, 18.0629775575, 0.0000000000
2.3014823760, 18.0629775575, 0.0000000000
2.8070519339, 21.3970953000, 0.0000000000
2.8070519339, 21.3970953000, 0.0000000000
3.2554789816, 24.2515913633, 0.0000000000
3.2554789816, 24.2515913633, 0.0000000000
3.5887828552, 26.3536356151, 0.0000000000
3.5887828552, 26.3536356151, 0.0000000000
4.6749858799, 33.6926445680, 0.0000000000
4.6749858799, 33.6926445680, 0.0000000000
4.9267310620, 35.8025938761, 0.0000000000
4.9267310620, 35.8025938761, 0.0000000000
5.0694486984, 37.2305901623, 0.0000000000
5.0694486984, 37.2305901623, 0.0000000000
5.2054499686, 38.9851327497, 0.0000000000
5.2054499686, 38.9851327497, 0.0000000000
5.2858343249, 43.1750881062, 0.0000000000
5.2858343249, 43.1750881062, 0.0000000000
5.2070902071, 44.5965867028, 0.0000000000
5.2070902071, 44.5965867028, 0.0000000000
5.1108464042, 45.5886509306, 0.0000000000
5.1108464042, 45.5886509306, 0.0000000000
4.8957185968, 47.0542919933, 0.0000000000
4.8957185968, 47.0542919933, 0.0000000000
4.0201855871, 50.2967764433, 0.0000000000
4.0201855871, 50.2967764433, 0.0000000000
3.5841870075, 51.3402907116, 0.0000000000
3.5841870075, 51.3402907116, 0.0000000000
3.2455953818, 52.0240153162, 0.0000000000
3.2455953818, 52.0240153162, 0.0000000000
2.8955625125, 52.6458115573, 0.0000000000
2.8955625125, 52.6458115573, 0.0000000000
1.9475885877, 54.0220416722, 0.0000000000
1.9475885877, 54.0220416722, 0.0000000000
0.6477652009, 55.4271447388, 0.0000000000
0.6477652009, 55.4271447388, 0.0000000000
-0.3840713820, 56.2802056877, 0.0000000000
-0.3840713820, 56.2802056877, 0.0000000000
-1.3444068072, 56.9222335174, 0.0000000000
-1.3444068072, 56.9222335174, 0.0000000000
-5.5239236510, 58.5614578356, 0.0000000000
-5.5239236510, 58.5614578356, 0.0000000000
-7.2873547841, 58.8442104118, 0.0000000000
-7.2873547841, 58.8442104118, 0.0000000000
-10.1392199777, 58.9123337882, 0.0000000000
-10.1392199777, 58.9123337882, 0.0000000000
-15.8749542536, 57.8160516539, 0.0000000000
-15.8749542536, 57.8160516539, 0.0000000000
-17.8048170872, 57.1059271058, 0.0000000000
-17.8048170872, 57.1059271058, 0.0000000000
-19.8107808206, 56.1870839017, 0.0000000000
-19.8107808206, 56.1870839017, 0.0000000000
-21.5725522043, 55.2240893263, 0.0000000000
-21.5725522043, 55.2240893263, 0.0000000000
-23.7511943880, 53.8214397468, 0.0000000000
-23.7511943880, 53.8214397468, 0.0000000000
-28.6304193181, 49.7242292801, 0.0000000000
-28.6304193181, 49.7242292801, 0.0000000000
-30.7169129213, 47.4924544650, 0.0000000000
-30.7169129213, 47.4924544650, 0.0000000000
-32.5440814606, 45.2430130884, 0.0000000000
-32.5440814606, 45.2430130884, 0.0000000000
-34.1193659795, 43.0367946587, 0.0000000000
-34.1193659795, 43.0367946587, 0.0000000000
-37.5891761085, 36.9698049165, 0.0000000000
-37.5891761085, 36.9698049165, 0.0000000000
-38.9244743267, 33.9699025723, 0.0000000000
-38.9244743267, 33.9699025723, 0.0000000000
-39.7565113923, 31.7991462846, 0.0000000000
-39.7565113923, 31.7991462846, 0.0000000000
-40.3254373635, 30.1281629752, 0.0000000000
-40.3254373635, 30.1281629752, 0.0000000000
-42.1103178785, 22.9759395876, 0.0000000000
-42.1103178785, 22.9759395876, 0.0000000000
-42.6159674466, 19.5134749843, 0.0000000000
-42.6159674466, 19.5134749843, 0.0000000000
-42.8394984586, 17.0130452566, 0.0000000000
-42.8394984586, 17.0130452566, 0.0000000000
-42.9459348668, 14.3873579428, 0.0000000000
-42.9459348668, 14.3873579428, 0.0000000000
-42.7617527074, 9.2153873819, 0.0000000000
-42.7617527074, 9.2153873819, 0.0000000000
-42.5684023895, 7.4006018499, 0.0000000000
-42.5684023895, 7.4006018499, 0.0000000000
-42.2946227367, 5.5246008041, 0.0000000000
-42.2946227367, 5.5246008041, 0.0000000000
-41.9076384354, 3.4830360923, 0.0000000000
-41.9076384354, 3.4830360923, 0.0000000000
-41.4254805227, 1.4511679502, 0.0000000000
-41.4254805227, 1.4511679502, 0.0000000000
-40.1402395384, -2.6242678954, 0.0000000000
-40.1402395384, -2.6242678954, 0.0000000000
-39.3528554773, -4.5878470393, 0.0000000000
-39.3528554773, -4.5878470393, 0.0000000000
-38.7809677468, -5.8526765011, 0.0000000000
-38.7809677468, -5.8526765011, 0.0000000000
-38.0284665170, -7.3577495224, 0.0000000000
-38.0284665170, -7.3577495224, 0.0000000000
-37.2899841632, -8.6923112325, 0.0000000000
-37.2899841632, -8.6923112325, 0.0000000000
-34.8256384578, -12.3979459561, 0.0000000000
-34.8256384578, -12.3979459561, 0.0000000000
-33.5016091036, -14.0324261144, 0.0000000000
-33.5016091036, -14.0324261144, 0.0000000000
-32.1709895560, -15.4819299789, 0.0000000000
-32.1709895560, -15.4819299789, 0.0000000000
-30.5922981565, -16.9887613157, 0.0000000000
-30.5922981565, -16.9887613157, 0.0000000000
-24.4571007532, -21.1237475898, 0.0000000000
-24.4571007532, -21.1237475898, 0.0000000000
-21.2577917251, -22.3790948221, 0.0000000000
-21.2577917251, -22.3790948221, 0.0000000000
-17.9089872157, -23.0853291471, 0.0000000000
-17.9089872157, -23.0853291471, 0.0000000000
-15.1850426831, -23.1810149811, 0.0000000000
-15.1850426831, -23.1810149811, 0.0000000000
-8.0043023303, -20.7234939006, 0.0000000000
-8.0043023303, -20.7234939006, 0.0000000000
-6.2586491241, -19.1784432766, 0.0000000000
-6.2586491241, -19.1784432766, 0.0000000000
-4.5068411784, -16.8978536833, 0.0000000000
-4.5068411784, -16.8978536833, 0.0000000000
-2.4361542532, -12.4158666685, 0.0000000000
-2.4361542532, -12.4158666685, 0.0000000000
0.1046593650, 0.8425803835, 0.0000000000
0.1046593650, 0.8425803835, 0.0000000000
0.6118741306, 5.1008351463, 0.0000000000
0.6118741306, 5.1008351463, 0.0000000000
1.1273418229, 9.3918572397, 0.0000000000
1.1273418229, 9.3918572397, 0.0000000000
1.6105633464, 13.1531512890, 0.0000000000
1.6105633464, 13.1531512890, 0.0000000000
3.4830761266, 25.6864219661, 0.0000000000
3.4830761266, 25.6864219661, 0.0000000000
3.9992983311, 28.9787453812, 0.0000000000
3.9992983311, 28.9787453812, 0.0000000000
4.5596442907, 32.8205398573, 0.0000000000
4.5596442907, 32.8205398573, 0.0000000000
5.2865105094, 43.1545351865, 0.0000000000
5.2865105094, 43.1545351865, 0.0000000000
4.9443273674, 46.7733961518, 0.0000000000
4.9443273674, 46.7733961518, 0.0000000000
3.7675809514, 50.9274866177, 0.0000000000
3.7675809514, 50.9274866177, 0.0000000000
3.4371800401, 51.6484927492, 0.0000000000
3.4371800401, 51.6484927492, 0.0000000000
2.8137363775, 52.7807957252, 0.0000000000
2.8137363775, 52.7807957252, 0.0000000000
2.0892108688, 53.8394006545, 0.0000000000
2.0892108688, 53.8394006545, 0.0000000000
1.0770464472, 55.0105009533, 0.0000000000
1.0770464472, 55.0105009533, 0.0000000000
0.0544482292, 55.9408222482, 0.0000000000
0.0544482292, 55.9408222482, 0.0000000000
-1.3765537100, 56.9415699150, 0.0000000000
-1.3765537100, 56.9415699150, 0.0000000000
-2.7925754274, 57.6749845670, 0.0000000000
-2.7925754274, 57.6749845670, 0.0000000000
-4.3451220159, 58.2529699459, 0.0000000000
-4.3451220159, 58.2529699459, 0.0000000000
-9.8257391062, 58.9263257260, 0.0000000000
-9.8257391062, 58.9263257260, 0.0000000000
-14.1619844642, 58.3045265438, 0.0000000000
-14.1619844642, 58.3045265438, 0.0000000000
-16.3515851246, 57.6563981974, 0.0000000000
-16.3515851246, 57.6563981974, 0.0000000000
-18.5922014821, 56.7674202293, 0.0000000000
-18.5922014821, 56.7674202293, 0.0000000000
-25.1822112524, 52.7645892931, 0.0000000000
-25.1822112524, 52.7645892931, 0.0000000000
-27.0329414299, 51.2248979362, 0.0000000000
-27.0329414299, 51.2248979362, 0.0000000000
-28.6925871687, 49.6623653564, 0.0000000000
-28.6925871687, 49.6623653564, 0.0000000000
-30.2527620775, 48.0178436564, 0.0000000000
-30.2527620775, 48.0178436564, 0.0000000000
-34.4025084736, 42.6098703565, 0.0000000000
-34.4025084736, 42.6098703565, 0.0000000000
-36.0612071706, 39.8881527272, 0.0000000000
-36.0612071706, 39.8881527272, 0.0000000000
-38.0027062655, 36.0932987498, 0.0000000000
-38.0027062655, 36.0932987498, 0.0000000000
-39.9179028963, 31.3428484292, 0.0000000000
-39.9179028963, 31.3428484292, 0.0000000000
-42.2770305356, 21.9934115088, 0.0000000000
-42.2770305356, 21.9934115088, 0.0000000000
-42.6794134378, 18.9234150620, 0.0000000000
-42.6794134378, 18.9234150620, 0.0000000000
-42.8257059645, 17.2171214769, 0.0000000000
-42.8257059645, 17.2171214769, 0.0000000000
-42.9253390406, 15.2567794511, 0.0000000000
-42.9253390406, 15.2567794511, 0.0000000000
-42.8682769462, 10.6822869158, 0.0000000000
-42.8682769462, 10.6822869158, 0.0000000000
-42.7178523232, 8.7409525638, 0.0000000000
-42.7178523232, 8.7409525638, 0.0000000000
-42.5173772105, 7.0077069239, 0.0000000000
-42.5173772105, 7.0077069239, 0.0000000000
-42.1856788173, 4.8966702113, 0.0000000000
-42.1856788173, 4.8966702113, 0.0000000000
-41.7125008276, 2.6093303074, 0.0000000000
-41.7125008276, 2.6093303074, 0.0000000000
-41.2055067544, 0.6431080206, 0.0000000000
-41.2055067544, 0.6431080206, 0.0000000000
-40.1601851970, -2.5704661624, 0.0000000000
-40.1601851970, -2.5704661624, 0.0000000000
-39.5174539426, -4.2008037827, 0.0000000000
-39.5174539426, -4.2008037827, 0.0000000000
-38.5929943124, -6.2441885802, 0.0000000000
-38.5929943124, -6.2441885802, 0.0000000000
-37.8340033539, -7.7216741339, 0.0000000000
-37.8340033539, -7.7216741339, 0.0000000000
-36.9497383585, -9.2669204598, 0.0000000000
-36.9497383585, -9.2669204598, 0.0000000000
-34.5252440701, -12.7874171850, 0.0000000000
-34.5252440701, -12.7874171850, 0.0000000000
-32.3533397971, -15.2936057146, 0.0000000000
-32.3533397971, -15.2936057146, 0.0000000000
-29.5166571915, -17.8991231518, 0.0000000000
-29.5166571915, -17.8991231518, 0.0000000000
-26.9111252122, -19.7625491275, 0.0000000000
-26.9111252122, -19.7625491275, 0.0000000000
-17.3948204666, -23.1375696137, 0.0000000000
-17.3948204666, -23.1375696137, 0.0000000000
-14.6633806883, -23.1461452025, 0.0000000000
-14.6633806883, -23.1461452025, 0.0000000000
-11.8472543917, -22.6212725415, 0.0000000000
-11.8472543917, -22.6212725415, 0.0000000000
-9.2409857872, -21.5205943325, 0.0000000000
-9.2409857872, -21.5205943325, 0.0000000000
-2.6143892464, -12.9260985079, 0.0000000000
-2.6143892464, -12.9260985079, 0.0000000000
-0.3425061576, -2.5903864747, 0.0000000000
-0.3425061576, -2.5903864747, 0.0000000000
0.5769044813, 4.8038700700, 0.0000000000
0.5769044813, 4.8038700700, 0.0000000000
1.2946407087, 10.7267785857, 0.0000000000
1.2946407087, 10.7267785857, 0.0000000000
3.0312498897, 22.8318573738, 0.0000000000
3.0312498897, 22.8318573738, 0.0000000000
3.9916161886, 28.9287692006, 0.0000000000
3.9916161886, 28.9287692006, 0.0000000000
4.4933685118, 32.3369921457, 0.0000000000
4.4933685118, 32.3369921457, 0.0000000000
5.0018224735, 36.5219728351, 0.0000000000
5.0018224735, 36.5219728351, 0.0000000000
5.2405988965, 39.5931507002, 0.0000000000
5.2405988965, 39.5931507002, 0.0000000000
5.1638928231, 45.0890854592, 0.0000000000
5.1638928231, 45.0890854592, 0.0000000000
4.9006852027, 47.0265480149, 0.0000000000
4.9006852027, 47.0265480149, 0.0000000000
4.5000432476, 48.8116202835, 0.0000000000
4.5000432476, 48.8116202835, 0.0000000000
3.8053061893, 50.8382082144, 0.0000000000
3.8053061893, 50.8382082144, 0.0000000000
3.1629012287, 52.1779206784, 0.0000000000
3.1629012287, 52.1779206784, 0.0000000000
1.4028967914, 54.6651280988, 0.0000000000
1.4028967914, 54.6651280988, 0.0000000000
0.3546762304, 55.6892677386, 0.0000000000
0.3546762304, 55.6892677386, 0.0000000000
-0.9301167673, 56.6610358212, 0.0000000000
-0.9301167673, 56.6610358212, 0.0000000000
-2.1979626146, 57.3937669207, 0.0000000000
-2.1979626146, 57.3937669207, 0.0000000000
-3.7791961246, 58.0665426547, 0.0000000000
-3.7791961246, 58.0665426547, 0.0000000000
-5.5264380990, 58.5620077687, 0.0000000000
-5.5264380990, 58.5620077687, 0.0000000000
-7.2851689898, 58.8439813740, 0.0000000000
-7.2851689898, 58.8439813740, 0.0000000000
-9.2348302313, 58.9387647411, 0.0000000000
-9.2348302313, 58.9387647411, 0.0000000000
-11.5048086640, 58.7934761707, 0.0000000000
-11.5048086640, 58.7934761707, 0.0000000000
-13.4457160089, 58.4689092290, 0.0000000000
-13.4457160089, 58.4689092290, 0.0000000000
-15.7609356090, 57.8527153476, 0.0000000000
-15.7609356090, 57.8527153476, 0.0000000000
-18.1600178031, 56.9567417040, 0.0000000000
-18.1600178031, 56.9567417040, 0.0000000000
-22.6094730831, 54.5865541235, 0.0000000000
-22.6094730831, 54.5865541235, 0.0000000000
-25.5110514498, 52.5056822980, 0.0000000000
-25.5110514498, 52.5056822980, 0.0000000000
-28.9369437982, 49.4165739460, 0.0000000000
-28.9369437982, 49.4165739460, 0.0000000000
-31.9177385341, 46.0485065805, 0.0000000000
-31.9177385341, 46.0485065805, 0.0000000000
-38.7937694748, 34.2870360670, 0.0000000000
-38.7937694748, 34.2870360670, 0.0000000000
-40.5901799267, 29.2837669978, 0.0000000000
-40.5901799267, 29.2837669978, 0.0000000000
-41.8246228608, 24.4535970083, 0.0000000000
-41.8246228608, 24.4535970083, 0.0000000000
-42.5026982695, 20.4424235909, 0.0000000000
-42.5026982695, 20.4424235909, 0.0000000000
-42.8993800518, 11.2841880520, 0.0000000000
-42.8993800518, 11.2841880520, 0.0000000000
-42.6787075617, 8.3551794422, 0.0000000000
-42.6787075617, 8.3551794422, 0.0000000000
-42.3563831600, 5.9052038631, 0.0000000000
-42.3563831600, 5.9052038631, 0.0000000000
-41.9763914447, 3.8116968362, 0.0000000000
-41.9763914447, 3.8116968362, 0.0000000000
-40.5284374263, -1.5334317179, 0.0000000000
-40.5284374263, -1.5334317179, 0.0000000000
-39.7838704262, -3.5494852665, 0.0000000000
-39.7838704262, -3.5494852665, 0.0000000000
-38.8345026277, -5.7391119428, 0.0000000000
-38.8345026277, -5.7391119428, 0.0000000000
-37.7279562294, -7.9162247308, 0.0000000000
-37.7279562294, -7.9162247308, 0.0000000000
-36.8401455595, -9.4470904818, 0.0000000000
-36.8401455595, -9.4470904818, 0.0000000000
-35.3515407035, -11.6872021950, 0.0000000000
-35.3515407035, -11.6872021950, 0.0000000000
-32.5772240584, -15.0580619703, 0.0000000000
-32.5772240584, -15.0580619703, 0.0000000000
-31.2568757164, -16.3804782508, 0.0000000000
-31.2568757164, -16.3804782508, 0.0000000000
-29.5799233375, -17.8480027542, 0.0000000000
-29.5799233375, -17.8480027542, 0.0000000000
-27.2527138932, -19.5439092463, 0.0000000000
-27.2527138932, -19.5439092463, 0.0000000000
-25.2190584265, -20.7394417928, 0.0000000000
-25.2190584265, -20.7394417928, 0.0000000000
-20.2475440627, -22.6578477688, 0.0000000000
-20.2475440627, -22.6578477688, 0.0000000000
-17.3153673925, -23.1442636821, 0.0000000000
-17.3153673925, -23.1442636821, 0.0000000000
-14.7580129056, -23.1538150716, 0.0000000000
-14.7580129056, -23.1538150716, 0.0000000000
-11.0061030209, -22.3398234214, 0.0000000000
-11.0061030209, -22.3398234214, 0.0000000000
-7.8829270456, -20.6334578534, 0.0000000000
-7.8829270456, -20.6334578534, 0.0000000000
-4.7437805241, -17.2643529711, 0.0000000000
-4.7437805241, -17.2643529711, 0.0000000000
-2.3233799898, -12.0758285885, 0.0000000000
-2.3233799898, -12.0758285885, 0.0000000000
-0.8263573840, -5.7188352525, 0.0000000000
-0.8263573840, -5.7188352525, 0.0000000000
0.1538342950, 1.2448807392, 0.0000000000
0.1538342950, 1.2448807392, 0.0000000000
1.0644748860, 8.8816599580, 0.0000000000
1.0644748860, 8.8816599580, 0.0000000000
1.8524892667, 14.9296350790, 0.0000000000
1.8524892667, 14.9296350790, 0.0000000000
2.4783401851, 19.2486248812, 0.0000000000
2.4783401851, 19.2486248812, 0.0000000000
3.1287427036, 23.4505039278, 0.0000000000
3.1287427036, 23.4505039278, 0.0000000000
3.7138462243, 27.1459496903, 0.0000000000
3.7138462243, 27.1459496903, 0.0000000000
4.3920410393, 31.6173659129, 0.0000000000
4.3920410393, 31.6173659129, 0.0000000000
4.7561292205, 34.3355416329, 0.0000000000
4.7561292205, 34.3355416329, 0.0000000000
5.1086045235, 37.6779628483, 0.0000000000
5.1086045235, 37.6779628483, 0.0000000000
5.2043009036, 44.6316619336, 0.0000000000
5.2043009036, 44.6316619336, 0.0000000000
5.0518792162, 46.0589728303, 0.0000000000
5.0518792162, 46.0589728303, 0.0000000000
4.7863522696, 47.6194345055, 0.0000000000
4.7863522696, 47.6194345055, 0.0000000000
4.3924846884, 49.1875906073, 0.0000000000
4.3924846884, 49.1875906073, 0.0000000000
4.0836836721, 50.1247344422, 0.0000000000
4.0836836721, 50.1247344422, 0.0000000000
3.0518323177, 52.3775717184, 0.0000000000
3.0518323177, 52.3775717184, 0.0000000000
2.3211911982, 53.5244868779, 0.0000000000
2.3211911982, 53.5244868779, 0.0000000000
1.6078848973, 54.4334410091, 0.0000000000
1.6078848973, 54.4334410091, 0.0000000000
0.5832492070, 55.4863213479, 0.0000000000
0.5832492070, 55.4863213479, 0.0000000000
-0.8439581650, 56.6038109027, 0.0000000000
-0.8439581650, 56.6038109027, 0.0000000000
-4.4623150583, 58.2883412346, 0.0000000000
-4.4623150583, 58.2883412346, 0.0000000000
-6.4684102623, 58.7378393875, 0.0000000000
-6.4684102623, 58.7378393875, 0.0000000000
-8.5727484320, 58.9305057974, 0.0000000000
-8.5727484320, 58.9305057974, 0.0000000000
-11.0699992943, 58.8413794688, 0.0000000000
-11.0699992943, 58.8413794688, 0.0000000000
-13.4169655665, 58.4750116545, 0.0000000000
-13.4169655665, 58.4750116545, 0.0000000000
-16.8600340948, 57.4747215983, 0.0000000000
-16.8600340948, 57.4747215983, 0.0000000000
-19.9466033315, 56.1181045112, 0.0000000000
-19.9466033315, 56.1181045112, 0.0000000000
-23.3962494748, 54.0665470555, 0.0000000000
-23.3962494748, 54.0665470555, 0.0000000000
-26.8767529396, 51.3627923278, 0.0000000000
-26.8767529396, 51.3627923278, 0.0000000000
-29.6737407688, 48.6493865831, 0.0000000000
-29.6737407688, 48.6493865831, 0.0000000000
-32.2677896843, 45.6030012828, 0.0000000000
-32.2677896843, 45.6030012828, 0.0000000000
-34.7016447977, 42.1477371965, 0.0000000000
-34.7016447977, 42.1477371965, 0.0000000000
-38.7121736472, 34.4821226020, 0.0000000000
-38.7121736472, 34.4821226020, 0.0000000000
-40.4293822674, 29.8023170238, 0.0000000000
-40.4293822674, 29.8023170238, 0.0000000000
-41.7763537671, 24.6835725702, 0.0000000000
-41.7763537671, 24.6835725702, 0.0000000000
-42.3112383768, 21.7771983053, 0.0000000000
-42.3112383768, 21.7771983053, 0.0000000000
-42.7451542699, 18.2342541774, 0.0000000000
-42.7451542699, 18.2342541774, 0.0000000000
-42.9267636561, 11.9942416369, 0.0000000000
-42.9267636561, 11.9942416369, 0.0000000000
-42.7954341396, 9.6188794310, 0.0000000000
-42.7954341396, 9.6188794310, 0.0000000000
-42.5858329267, 7.5409739243, 0.0000000000
-42.5858329267, 7.5409739243, 0.0000000000
-42.2283113485, 5.1363876656, 0.0000000000
-42.2283113485, 5.1363876656, 0.0000000000
-41.8419860838, 3.1799151985, 0.0000000000
-41.8419860838, 3.1799151985, 0.0000000000
-40.8442378962, -0.5683828481, 0.0000000000
-40.8442378962, -0.5683828481, 0.0000000000
-40.2687883738, -2.2734493625, 0.0000000000
-40.2687883738, -2.2734493625, 0.0000000000
-39.7860596527, -3.5439978236, 0.0000000000
-39.7860596527, -3.5439978236, 0.0000000000
-39.2227046808, -4.8862004353, 0.0000000000
-39.2227046808, -4.8862004353, 0.0000000000
-38.7536224856, -5.9103255055, 0.0000000000
-38.7536224856, -5.9103255055, 0.0000000000
-37.7890386307, -7.8044946447, 0.0000000000
-37.7890386307, -7.8044946447, 0.0000000000
-37.0359385847, -9.1235590513, 0.0000000000
-37.0359385847, -9.1235590513, 0.0000000000
-36.0303820873, -10.7106295548, 0.0000000000
-36.0303820873, -10.7106295548, 0.0000000000
-34.7270914924, -12.5269948669, 0.0000000000
-34.7270914924, -12.5269948669, 0.0000000000
-33.3729156091, -14.1805502130, 0.0000000000
-33.3729156091, -14.1805502130, 0.0000000000
-31.6903281448, -15.9636551320, 0.0000000000
-31.6903281448, -15.9636551320, 0.0000000000
-29.7648061400, -17.6969135636, 0.0000000000
-29.7648061400, -17.6969135636, 0.0000000000
-25.5296885161, -20.5730262624, 0.0000000000
-25.5296885161, -20.5730262624, 0.0000000000
-23.5790531809, -21.5252686115, 0.0000000000
-23.5790531809, -21.5252686115, 0.0000000000
-21.4688669037, -22.3137594847, 0.0000000000
-21.4688669037, -22.3137594847, 0.0000000000
-20.1290876721, -22.6868470278, 0.0000000000
-20.1290876721, -22.6868470278, 0.0000000000
-17.2411207007, -23.1501829799, 0.0000000000
-17.2411207007, -23.1501829799, 0.0000000000
-13.3337409950, -22.9726189769, 0.0000000000
-13.3337409950, -22.9726189769, 0.0000000000
-11.6275641426, -22.5538832705, 0.0000000000
-11.6275641426, -22.5538832705, 0.0000000000
-9.5920080859, -21.7108338057, 0.0000000000
-9.5920080859, -21.7108338057, 0.0000000000
-7.6159947064, -20.4272078516, 0.0000000000
-7.6159947064, -20.4272078516, 0.0000000000
-6.0614337215, -18.9648247090, 0.0000000000
-6.0614337215, -18.9648247090, 0.0000000000
-2.9470304083, -13.7989075988, 0.0000000000
-2.9470304083, -13.7989075988, 0.0000000000
-1.7262338726, -10.0101577896, 0.0000000000
-1.7262338726, -10.0101577896, 0.0000000000
-1.0212922174, -6.8015373950, 0.0000000000
-1.0212922174, -6.8015373950, 0.0000000000
-0.4341708979, -3.2327399414, 0.0000000000
-0.4341708979, -3.2327399414, 0.0000000000
0.9070877919, 7.5857348574, 0.0000000000
0.9070877919, 7.5857348574, 0.0000000000
1.2907267689, 10.6959389865, 0.0000000000
1.2907267689, 10.6959389865, 0.0000000000
1.7524023284, 14.2028882974, 0.0000000000
1.7524023284, 14.2028882974, 0.0000000000
2.0828653994, 16.5615866300, 0.0000000000
2.0828653994, 16.5615866300, 0.0000000000
2.5389279084, 19.6495813958, 0.0000000000
2.5389279084, 19.6495813958, 0.0000000000
3.3940669988, 25.1253842404, 0.0000000000
3.3940669988, 25.1253842404, 0.0000000000
4.1678628163, 30.0884451781, 0.0000000000
4.1678628163, 30.0884451781, 0.0000000000
4.3942342295, 31.6327210356, 0.0000000000
4.3942342295, 31.6327210356, 0.0000000000
4.6358935365, 33.3921645232, 0.0000000000
4.6358935365, 33.3921645232, 0.0000000000
4.9661737686, 36.1730837030, 0.0000000000
4.9661737686, 36.1730837030, 0.0000000000
5.2654145601, 40.1199932891, 0.0000000000
5.2654145601, 40.1199932891, 0.0000000000
5.3037268616, 41.5893850047, 0.0000000000
5.3037268616, 41.5893850047, 0.0000000000
5.2800850553, 43.3366023497, 0.0000000000
5.2800850553, 43.3366023497, 0.0000000000
5.1595786714, 45.1333250941, 0.0000000000
5.1595786714, 45.1333250941, 0.0000000000
4.9617305242, 46.6673244340, 0.0000000000
4.9617305242, 46.6673244340, 0.0000000000
4.1843283933, 49.8389721856, 0.0000000000
4.1843283933, 49.8389721856, 0.0000000000
3.5711124795, 51.3684724948, 0.0000000000
3.5711124795, 51.3684724948, 0.0000000000
2.9432553996, 52.5654404108, 0.0000000000
2.9432553996, 52.5654404108, 0.0000000000
2.1778314961, 53.7214899470, 0.0000000000
2.1778314961, 53.7214899470, 0.0000000000
1.3477890727, 54.7254505797, 0.0000000000
1.3477890727, 54.7254505797, 0.0000000000
0.4132529276, 55.6382326941, 0.0000000000
0.4132529276, 55.6382326941, 0.0000000000
-0.7448835166, 56.5367167418, 0.0000000000
-0.7448835166, 56.5367167418, 0.0000000000
-1.8861395998, 57.2312770259, 0.0000000000
-1.8861395998, 57.2312770259, 0.0000000000
-3.1143050900, 57.8124925525, 0.0000000000
-3.1143050900, 57.8124925525, 0.0000000000
-4.6343690133, 58.3383275513, 0.0000000000
-4.6343690133, 58.3383275513, 0.0000000000
-6.2861817451, 58.7084140871, 0.0000000000
-6.2861817451, 58.7084140871, 0.0000000000
-7.3912256380, 58.8547636398, 0.0000000000
-7.3912256380, 58.8547636398, 0.0000000000
-9.2346881141, 58.9387655108, 0.0000000000
-9.2346881141, 58.9387655108, 0.0000000000
-11.1781078832, 58.8303360623, 0.0000000000
-11.1781078832, 58.8303360623, 0.0000000000
-13.3700496832, 58.4848872671, 0.0000000000
-13.3700496832, 58.4848872671, 0.0000000000
-15.4424783900, 57.9519904827, 0.0000000000
-15.4424783900, 57.9519904827, 0.0000000000
-17.1034770507, 57.3835793080, 0.0000000000
-17.1034770507, 57.3835793080, 0.0000000000
-19.1041885355, 56.5319979100, 0.0000000000
-19.1041885355, 56.5319979100, 0.0000000000
-22.2580401131, 54.8086393070, 0.0000000000
-22.2580401131, 54.8086393070, 0.0000000000
-23.6441664184, 53.8960454305, 0.0000000000
-23.6441664184, 53.8960454305, 0.0000000000
-25.3694972312, 52.6178870243, 0.0000000000
-25.3694972312, 52.6178870243, 0.0000000000
-26.8062751414, 51.4245199347, 0.0000000000
-26.8062751414, 51.4245199347, 0.0000000000
-28.2232000798, 50.1228636502, 0.0000000000
-28.2232000798, 50.1228636502, 0.0000000000
-30.7056861859, 47.5053695957, 0.0000000000
-30.7056861859, 47.5053695957, 0.0000000000
-32.3462156317, 45.5015791455, 0.0000000000
-32.3462156317, 45.5015791455, 0.0000000000
-33.3980933876, 44.0809500167, 0.0000000000
-33.3980933876, 44.0809500167, 0.0000000000
-34.7306768545, 42.1022603815, 0.0000000000
-34.7306768545, 42.1022603815, 0.0000000000
-35.5907793950, 40.7015107418, 0.0000000000
-35.5907793950, 40.7015107418, 0.0000000000
-36.6017011961, 38.9075262563, 0.0000000000
-36.6017011961, 38.9075262563, 0.0000000000
-37.3963515002, 37.3645404705, 0.0000000000
-37.3963515002, 37.3645404705, 0.0000000000
-38.2450668648, 35.5591279308, 0.0000000000
-38.2450668648, 35.5591279308, 0.0000000000
-38.9522130408, 33.9018453520, 0.0000000000
-38.9522130408, 33.9018453520, 0.0000000000
-39.6107225118, 32.2005465358, 0.0000000000
-39.6107225118, 32.2005465358, 0.0000000000
-40.2835315966, 30.2575667012, 0.0000000000
-40.2835315966, 30.2575667012, 0.0000000000
-41.0154981236, 27.8143151675, 0.0000000000
-41.0154981236, 27.8143151675, 0.0000000000
-41.5958326156, 25.5035847362, 0.0000000000
-41.5958326156, 25.5035847362, 0.0000000000
-42.4732267423, 20.6642545257, 0.0000000000
-42.4732267423, 20.6642545257, 0.0000000000
-42.6809621154, 18.9081998622, 0.0000000000
-42.6809621154, 18.9081998622, 0.0000000000
-42.8295595834, 17.1612684360, 0.0000000000
-42.8295595834, 17.1612684360, 0.0000000000
-42.9226955145, 15.3372925407, 0.0000000000
-42.9226955145, 15.3372925407, 0.0000000000
-42.8929206531, 11.1468004133, 0.0000000000
-42.8929206531, 11.1468004133, 0.0000000000
-42.8054566257, 9.7473441232, 0.0000000000
-42.8054566257, 9.7473441232, 0.0000000000
-42.5851246519, 7.5352034510, 0.0000000000
-42.5851246519, 7.5352034510, 0.0000000000
-42.3875823666, 6.1053708518, 0.0000000000
-42.3875823666, 6.1053708518, 0.0000000000
-42.0482310769, 4.1686874086, 0.0000000000
-42.0482310769, 4.1686874086, 0.0000000000
-41.3695781771, 1.2399819383, 0.0000000000
-41.3695781771, 1.2399819383, 0.0000000000
-40.9160291452, -0.3376080201, 0.0000000000
-40.9160291452, -0.3376080201, 0.0000000000
-40.4402071172, -1.7898748404, 0.0000000000
-40.4402071172, -1.7898748404, 0.0000000000
-39.7600127951, -3.6091378299, 0.0000000000
-39.7600127951, -3.6091378299, 0.0000000000
-39.0453179980, -5.2825496098, 0.0000000000
-39.0453179980, -5.2825496098, 0.0000000000
-36.9527902091, -9.2618698659, 0.0000000000
-36.9527902091, -9.2618698659, 0.0000000000
-36.1755093264, -10.4924890439, 0.0000000000
-36.1755093264, -10.4924890439, 0.0000000000
-34.5373739029, -12.7719132164, 0.0000000000
-34.5373739029, -12.7719132164, 0.0000000000
-33.3695022610, -14.1844546601, 0.0000000000
-33.3695022610, -14.1844546601, 0.0000000000
-32.1148431032, -15.5392896902, 0.0000000000
-32.1148431032, -15.5392896902, 0.0000000000
-31.1447859990, -16.4856428651, 0.0000000000
-31.1447859990, -16.4856428651, 0.0000000000
-30.3955714416, -17.1619462342, 0.0000000000
-30.3955714416, -17.1619462342, 0.0000000000
-29.6071187488, -17.8259374807, 0.0000000000
-29.6071187488, -17.8259374807, 0.0000000000
-29.0494193376, -18.2676343249, 0.0000000000
-29.0494193376, -18.2676343249, 0.0000000000
-28.4708143949, -18.7024984512, 0.0000000000
-28.4708143949, -18.7024984512, 0.0000000000
-28.1748519942, -18.9160130201, 0.0000000000
-28.1748519942, -18.9160130201, 0.0000000000
-27.5180468003, -19.3689333573, 0.0000000000
-27.5180468003, -19.3689333573, 0.0000000000
-26.5549935499, -19.9826827463, 0.0000000000
-26.5549935499, -19.9826827463, 0.0000000000
-26.1232404616, -20.2390444723, 0.0000000000
-26.1232404616, -20.2390444723, 0.0000000000
-26.0195296164, -20.2989300471, 0.0000000000
-26.0195296164, -20.2989300471, 0.0000000000
-25.3783241209, -20.6548296077, 0.0000000000
-25.3783241209, -20.6548296077, 0.0000000000
-25.2120955024, -20.7431068804, 0.0000000000
-25.2120955024, -20.7431068804, 0.0000000000
-24.5156400092, -21.0954142240, 0.0000000000
-24.5156400092, -21.0954142240, 0.0000000000
-24.0019000381, -21.3373738397, 0.0000000000
-24.0019000381, -21.3373738397, 0.0000000000
-23.8053775553, -21.4259572718, 0.0000000000
-23.8053775553, -21.4259572718, 0.0000000000
-23.2887063378, -21.6484525398, 0.0000000000
-23.2887063378, -21.6484525398, 0.0000000000
-23.1588017436, -21.7020366660, 0.0000000000
-23.1588017436, -21.7020366660, 0.0000000000
-22.9202576456, -21.7979793980, 0.0000000000
-22.9202576456, -21.7979793980, 0.0000000000
-22.6119094272, -21.9173047707, 0.0000000000
-22.6119094272, -21.9173047707, 0.0000000000
-22.0868700750, -22.1083625324, 0.0000000000
-22.0868700750, -22.1083625324, 0.0000000000
-22.0064076613, -22.1362963557, 0.0000000000
-22.0064076613, -22.1362963557, 0.0000000000
-21.7167807396, -22.2338905662, 0.0000000000
-21.7167807396, -22.2338905662, 0.0000000000
-21.5435987837, -22.2900397168, 0.0000000000
-21.5435987837, -22.2900397168, 0.0000000000
-21.4110783640, -22.3318907771, 0.0000000000
-21.4110783640, -22.3318907771, 0.0000000000
-21.2758892666, -22.3735890470, 0.0000000000
-21.2758892666, -22.3735890470, 0.0000000000
-21.2305219668, -22.3873570148, 0.0000000000
-21.2305219668, -22.3873570148, 0.0000000000
-21.1385882726, -22.4149096598, 0.0000000000
-21.1385882726, -22.4149096598, 0.0000000000
-21.0454357784, -22.4423533481, 0.0000000000
-21.0454357784, -22.4423533481, 0.0000000000
-20.9510510856, -22.4696731300, 0.0000000000
-20.9510510856, -22.4696731300, 0.0000000000
-20.9035465200, -22.4832379477, 0.0000000000
-20.9035465200, -22.4832379477, 0.0000000000
-20.8072904405, -22.5103428411, 0.0000000000
-20.8072904405, -22.5103428411, 0.0000000000
-20.7588454460, -22.5237915969, 0.0000000000
-20.7588454460, -22.5237915969, 0.0000000000
-20.7100843265, -22.5371976164, 0.0000000000
-20.7100843265, -22.5371976164, 0.0000000000
-20.6610054275, -22.5505587766, 0.0000000000
-20.6610054275, -22.5505587766, 0.0000000000
-20.6116070953, -22.5638729134, 0.0000000000
-20.6116070953, -22.5638729134, 0.0000000000
-20.5618876791, -22.5771378233, 0.0000000000
-20.5618876791, -22.5771378233, 0.0000000000
-20.5118455303, -22.5903512626, 0.0000000000
-20.5118455303, -22.5903512626, 0.0000000000
-20.3064130645, -22.6431477100, 0.0000000000
-20.3064130645, -22.6431477100, 0.0000000000
-20.2547197415, -22.6560661898, 0.0000000000
-20.2547197415, -22.6560661898, 0.0000000000
-19.9871766636, -22.7205665434, 0.0000000000
-19.9871766636, -22.7205665434, 0.0000000000
-19.9334376326, -22.7330444552, 0.0000000000
-19.9334376326, -22.7330444552, 0.0000000000
-19.8245825273, -22.7578295783, 0.0000000000
-19.8245825273, -22.7578295783, 0.0000000000
-19.3913108550, -22.8499556854, 0.0000000000
-19.3913108550, -22.8499556854, 0.0000000000
-19.2755830533, -22.8727922945, 0.0000000000
-19.2755830533, -22.8727922945, 0.0000000000
-18.9373359130, -22.9352388328, 0.0000000000
-18.9373359130, -22.9352388328, 0.0000000000
-18.5937298046, -22.9920804164, 0.0000000000
-18.5937298046, -22.9920804164, 0.0000000000
-17.6043285140, -23.1181426566, 0.0000000000
-17.6043285140, -23.1181426566, 0.0000000000
-17.3118381595, -23.1445524117, 0.0000000000
-17.3118381595, -23.1445524117, 0.0000000000
-17.0171060550, -23.1660653225, 0.0000000000
-17.0171060550, -23.1660653225, 0.0000000000
-16.3422455430, -23.1957278378, 0.0000000000
-16.3422455430, -23.1957278378, 0.0000000000
-16.2669779703, -23.1973201005, 0.0000000000
-16.2669779703, -23.1973201005, 0.0000000000
-16.1147840165, -23.1994730415, 0.0000000000
-16.1147840165, -23.1994730415, 0.0000000000
-15.8120516701, -23.1994750805, 0.0000000000
-15.8120516701, -23.1994750805, 0.0000000000
-15.3612894869, -23.1887551697, 0.0000000000
-15.3612894869, -23.1887551697, 0.0000000000
-14.5734981457, -23.1383012343, 0.0000000000
-14.5734981457, -23.1383012343, 0.0000000000
-14.1773173647, -23.0971490103, 0.0000000000
-14.1773173647, -23.0971490103, 0.0000000000
-13.8660082275, -23.0571452121, 0.0000000000
-13.8660082275, -23.0571452121, 0.0000000000
-13.3746828763, -22.9798588917, 0.0000000000
-13.3746828763, -22.9798588917, 0.0000000000
-12.8378208346, -22.8748650495, 0.0000000000
-12.8378208346, -22.8748650495, 0.0000000000
-12.7465833388, -22.8548186890, 0.0000000000
-12.7465833388, -22.8548186890, 0.0000000000
-12.4693753999, -22.7898742556, 0.0000000000
-12.4693753999, -22.7898742556, 0.0000000000
-11.2274167602, -22.4201197417, 0.0000000000
-11.2274167602, -22.4201197417, 0.0000000000
-11.0341194199, -22.3502428455, 0.0000000000
-11.0341194199, -22.3502428455, 0.0000000000
-10.4262053772, -22.1070102846, 0.0000000000
-10.4262053772, -22.1070102846, 0.0000000000
-10.3281244400, -22.0642975651, 0.0000000000
-10.3281244400, -22.0642975651, 0.0000000000
-10.0312972199, -21.9288874650, 0.0000000000
-10.0312972199, -21.9288874650, 0.0000000000
-8.8038591462, -21.2624692493, 0.0000000000
-8.8038591462, -21.2624692493, 0.0000000000
-8.5049438194, -21.0715425316, 0.0000000000
-8.5049438194, -21.0715425316, 0.0000000000
-8.1081830840, -20.7987539140, 0.0000000000
-8.1081830840, -20.7987539140, 0.0000000000
-6.1681035053, -19.0815107736, 0.0000000000
-6.1681035053, -19.0815107736, 0.0000000000
-5.8061757041, -18.6741815987, 0.0000000000
-5.8061757041, -18.6741815987, 0.0000000000
-5.3859584978, -18.1578538309, 0.0000000000
-5.3859584978, -18.1578538309, 0.0000000000
-5.1982767907, -17.9106419686, 0.0000000000
-5.1982767907, -17.9106419686, 0.0000000000
-4.9510890758, -17.5679194367, 0.0000000000
-4.9510890758, -17.5679194367, 0.0000000000
-3.9787875032, -15.9963162585, 0.0000000000
-3.9787875032, -15.9963162585, 0.0000000000
-3.7608951873, -15.5854969666, 0.0000000000
-3.7608951873, -15.5854969666, 0.0000000000
-3.5105890043, -15.0814135664, 0.0000000000
-3.5105890043, -15.0814135664, 0.0000000000
-3.3475222511, -14.7327055904, 0.0000000000
-3.3475222511, -14.7327055904, 0.0000000000
-2.4000355095, -12.3084716555, 0.0000000000
-2.4000355095, -12.3084716555, 0.0000000000
-2.1629132837, -11.5669322603, 0.0000000000
-2.1629132837, -11.5669322603, 0.0000000000
-2.0952568694, -11.3429433505, 0.0000000000
-2.0952568694, -11.3429433505, 0.0000000000
-1.8727147586, -10.5630100832, 0.0000000000
-1.8727147586, -10.5630100832, 0.0000000000
-1.5793049403, -9.4206331839, 0.0000000000
-1.5793049403, -9.4206331839, 0.0000000000
-1.2679669760, -8.0403792016, 0.0000000000
-1.2679669760, -8.0403792016, 0.0000000000
-1.0330282961, -6.8636897395, 0.0000000000
-1.0330282961, -6.8636897395, 0.0000000000
-0.8504620791, -5.8579981546, 0.0000000000
-0.8504620791, -5.8579981546, 0.0000000000
-0.6021946828, -4.3498431793, 0.0000000000
-0.6021946828, -4.3498431793, 0.0000000000
-0.4046530510, -3.0283994677, 0.0000000000
-0.4046530510, -3.0283994677, 0.0000000000
-0.2155556411, -1.6636544905, 0.0000000000
-0.2155556411, -1.6636544905, 0.0000000000
-0.0270683597, -0.2145384887, 0.0000000000
-0.0270683597, -0.2145384887, 0.0000000000
0.1084858776, 0.8737490527, 0.0000000000
0.1084858776, 0.8737490527, 0.0000000000
0.2386866896, 1.9470671679, 0.0000000000
0.2386866896, 1.9470671679, 0.0000000000
0.4155293746, 3.4339687209, 0.0000000000
0.4155293746, 3.4339687209, 0.0000000000
0.5950546099, 4.9580277075, 0.0000000000
0.5950546099, 4.9580277075, 0.0000000000
0.6856450338, 5.7262728602, 0.0000000000
0.6856450338, 5.7262728602, 0.0000000000
0.8222904666, 6.8778293282, 0.0000000000
0.8222904666, 6.8778293282, 0.0000000000
0.9151149014, 7.6524239772, 0.0000000000
0.9151149014, 7.6524239772, 0.0000000000
1.0094797196, 8.4317368897, 0.0000000000
1.0094797196, 8.4317368897, 0.0000000000
1.1054923848, 9.2150499331, 0.0000000000
1.1054923848, 9.2150499331, 0.0000000000
1.2499657765, 10.3736394725, 0.0000000000
1.2499657765, 10.3736394725, 0.0000000000
1.3503516875, 11.1636828879, 0.0000000000
1.3503516875, 11.1636828879, 0.0000000000
1.4952092062, 12.2815613245, 0.0000000000
1.4952092062, 12.2815613245, 0.0000000000
1.7600845255, 14.2590716362, 0.0000000000
1.7600845255, 14.2590716362, 0.0000000000
1.8144062130, 14.6544335095, 0.0000000000
1.8144062130, 14.6544335095, 0.0000000000
1.9795357670, 15.8363724453, 0.0000000000
1.9795357670, 15.8363724453, 0.0000000000
2.0353501862, 16.2294199016, 0.0000000000
2.0353501862, 16.2294199016, 0.0000000000
2.3753984152, 18.5614098943, 0.0000000000
2.3753984152, 18.5614098943, 0.0000000000
2.4330454893, 18.9472053673, 0.0000000000
2.4330454893, 18.9472053673, 0.0000000000
2.5487194365, 19.7141489151, 0.0000000000
2.5487194365, 19.7141489151, 0.0000000000
2.6648116088, 20.4751077217, 0.0000000000
2.6648116088, 20.4751077217, 0.0000000000
2.7810841427, 21.2295441150, 0.0000000000
2.7810841427, 21.2295441150, 0.0000000000
3.0127919339, 22.7144276835, 0.0000000000
3.0127919339, 22.7144276835, 0.0000000000
3.0705851236, 23.0817689775, 0.0000000000
3.0705851236, 23.0817689775, 0.0000000000
3.1282016855, 23.4470775210, 0.0000000000
3.1282016855, 23.4470775210, 0.0000000000
3.2426669445, 24.1707266321, 0.0000000000
3.2426669445, 24.1707266321, 0.0000000000
3.4120519921, 25.2387257470, 0.0000000000
3.4120519921, 25.2387257470, 0.0000000000
3.4297598984, 25.3503258765, 0.0000000000
3.4297598984, 25.3503258765, 0.0000000000
3.4855071177, 25.7017510656, 0.0000000000
3.4855071177, 25.7017510656, 0.0000000000
3.5956109094, 26.3967949208, 0.0000000000
3.5956109094, 26.3967949208, 0.0000000000
3.6687146214, 26.8595365680, 0.0000000000
3.6687146214, 26.8595365680, 0.0000000000
3.7945678603, 27.6600315229, 0.0000000000
3.7945678603, 27.6600315229, 0.0000000000
3.8662580319, 28.1190177227, 0.0000000000
3.8662580319, 28.1190177227, 0.0000000000
4.1268447603, 29.8158564728, 0.0000000000
4.1268447603, 29.8158564728, 0.0000000000
4.3070305452, 31.0287228657, 0.0000000000
4.3070305452, 31.0287228657, 0.0000000000
4.4148991245, 31.7778529187, 0.0000000000
4.4148991245, 31.7778529187, 0.0000000000
4.5566808262, 32.7986714498, 0.0000000000
4.5566808262, 32.7986714498, 0.0000000000
4.6713836339, 33.6647244409, 0.0000000000
4.6713836339, 33.6647244409, 0.0000000000
4.9249696869, 35.7863871652, 0.0000000000
4.9249696869, 35.7863871652, 0.0000000000
5.0398281152, 36.9116154732, 0.0000000000
5.0398281152, 36.9116154732, 0.0000000000
5.1116746887, 37.7145004236, 0.0000000000
5.1116746887, 37.7145004236, 0.0000000000
5.1729496801, 38.5029745760, 0.0000000000
5.1729496801, 38.5029745760, 0.0000000000
5.2186129974, 39.1995908398, 0.0000000000
5.2186129974, 39.1995908398, 0.0000000000
5.2651808975, 40.1144226731, 0.0000000000
5.2651808975, 40.1144226731, 0.0000000000
5.2844466584, 40.6414573449, 0.0000000000
5.2844466584, 40.6414573449, 0.0000000000
5.2964973544, 41.1075198946, 0.0000000000
5.2964973544, 41.1075198946, 0.0000000000
5.3052399603, 41.8278330828, 0.0000000000
5.3052399603, 41.8278330828, 0.0000000000
5.2986007786, 42.6869711838, 0.0000000000
5.2986007786, 42.6869711838, 0.0000000000
5.2952981995, 42.8412975047, 0.0000000000
5.2952981995, 42.8412975047, 0.0000000000
5.2812257235, 43.3062251383, 0.0000000000
5.2812257235, 43.3062251383, 0.0000000000
5.2300647478, 44.2840225369, 0.0000000000
5.2300647478, 44.2840225369, 0.0000000000
5.2192355171, 44.4370580958, 0.0000000000
5.2192355171, 44.4370580958, 0.0000000000
5.1497790865, 45.2311429791, 0.0000000000
5.1497790865, 45.2311429791, 0.0000000000
5.1338596949, 45.3828729428, 0.0000000000
5.1338596949, 45.3828729428, 0.0000000000
5.0806117043, 45.8387694434, 0.0000000000
5.0806117043, 45.8387694434, 0.0000000000
5.0192421065, 46.2920742639, 0.0000000000
5.0192421065, 46.2920742639, 0.0000000000
4.8440996847, 47.3312549620, 0.0000000000
4.8440996847, 47.3312549620, 0.0000000000
4.7211654180, 47.9217765611, 0.0000000000
4.7211654180, 47.9217765611, 0.0000000000
4.5813612950, 48.5050565369, 0.0000000000
4.5813612950, 48.5050565369, 0.0000000000
4.3375184132, 49.3685178332, 0.0000000000
4.3375184132, 49.3685178332, 0.0000000000
3.7579876848, 50.9499386661, 0.0000000000
3.7579876848, 50.9499386661, 0.0000000000
3.5615657591, 51.3889516918, 0.0000000000
3.5615657591, 51.3889516918, 0.0000000000
3.3274146991, 51.8670178781, 0.0000000000
3.3274146991, 51.8670178781, 0.0000000000
3.1236081752, 52.2494509294, 0.0000000000
3.1236081752, 52.2494509294, 0.0000000000
2.9816515901, 52.4997964026, 0.0000000000
2.9816515901, 52.4997964026, 0.0000000000
2.7278967414, 52.9186223696, 0.0000000000
2.7278967414, 52.9186223696, 0.0000000000
2.6185675315, 53.0888619719, 0.0000000000
2.6185675315, 53.0888619719, 0.0000000000
2.3770984756, 53.4454616660, 0.0000000000
2.3770984756, 53.4454616660, 0.0000000000
2.3409970290, 53.4966361650, 0.0000000000
2.3409970290, 53.4966361650, 0.0000000000
2.1807766284, 53.7175217840, 0.0000000000
2.1807766284, 53.7175217840, 0.0000000000
2.0546097468, 53.8846684589, 0.0000000000
2.0546097468, 53.8846684589, 0.0000000000
1.7416562527, 54.2757135510, 0.0000000000
1.7416562527, 54.2757135510, 0.0000000000
1.5073298971, 54.5485604998, 0.0000000000
1.5073298971, 54.5485604998, 0.0000000000
1.2100173216, 54.8727977370, 0.0000000000
1.2100173216, 54.8727977370, 0.0000000000
1.0097687539, 55.0785513743, 0.0000000000
1.0097687539, 55.0785513743, 0.0000000000
0.7915130320, 55.2921591686, 0.0000000000
0.7915130320, 55.2921591686, 0.0000000000
0.5185203610, 55.5448415703, 0.0000000000
0.5185203610, 55.5448415703, 0.0000000000
0.5635895532, 55.5041847275, 0.0000000000
0.5635895532, 55.5041847275, 0.0000000000
0.2819059400, 55.7517608620, 0.0000000000
0.2819059400, 55.7517608620, 0.0000000000
0.3263904405, 55.7136773517, 0.0000000000
0.3263904405, 55.7136773517, 0.0000000000
0.3709903360, 55.6751201149, 0.0000000000
0.3709903360, 55.6751201149, 0.0000000000
0.4157034227, 55.6360833039, 0.0000000000
0.4157034227, 55.6360833039, 0.0000000000
0.4605274359, 55.5965610027, 0.0000000000
0.4605274359, 55.5965610027, 0.0000000000
0.5054600494, 55.5565472262, 0.0000000000
0.5054600494, 55.5565472262, 0.0000000000
0.5959231795, 55.4747636909, 0.0000000000
0.5959231795, 55.4747636909, 0.0000000000
0.4890311338, 55.5712239267, 0.0000000000
0.4890311338, 55.5712239267, 0.0000000000
0.3609966556, 55.6837926759, 0.0000000000
0.3609966556, 55.6837926759, 0.0000000000
0.1846028240, 55.8337835856, 0.0000000000
0.1846028240, 55.8337835856, 0.0000000000
0.1170461409, 55.8897185219, 0.0000000000
0.1170461409, 55.8897185219, 0.0000000000
-0.1090770123, 56.0711139200, 0.0000000000
-0.1090770123, 56.0711139200, 0.0000000000
-0.2539859609, 56.1828199609, 0.0000000000
-0.2539859609, 56.1828199609, 0.0000000000
-0.4879793637, 56.3560885224, 0.0000000000
-0.4879793637, 56.3560885224, 0.0000000000
-0.6066281842, 56.4407247596, 0.0000000000
-0.6066281842, 56.4407247596, 0.0000000000
-1.1803311662, 56.8214887574, 0.0000000000
-1.1803311662, 56.8214887574, 0.0000000000
-1.3055896967, 56.8987108103, 0.0000000000
-1.3055896967, 56.8987108103, 0.0000000000
-1.2666106060, 56.8748967814, 0.0000000000
-1.2666106060, 56.8748967814, 0.0000000000
-1.3926483403, 56.9512020456, 0.0000000000
-1.3926483403, 56.9512020456, 0.0000000000
-1.5198073713, 57.0261708542, 0.0000000000
-1.5198073713, 57.0261708542, 0.0000000000
-1.6105125182, 57.0784383730, 0.0000000000
-1.6105125182, 57.0784383730, 0.0000000000
-1.7395631605, 57.1511048052, 0.0000000000
-1.7395631605, 57.1511048052, 0.0000000000
-1.8331505981, 57.2025799177, 0.0000000000
-1.8331505981, 57.2025799177, 0.0000000000
-2.0963076211, 57.3419750915, 0.0000000000
-2.0963076211, 57.3419750915, 0.0000000000
-2.2948243295, 57.4420793475, 0.0000000000
-2.2948243295, 57.4420793475, 0.0000000000
-2.3955834858, 57.4912796394, 0.0000000000
-2.3955834858, 57.4912796394, 0.0000000000
